link,brand,series,size,price,info
"/Produkt/Serum/LOreal-Paris-Age-Perfect-Cell-Renew-serum-do-twarzy-na-noc-30-ml,390628,9225",L'ORÉAL PARIS,Age Perfect Cell Renew,30 ml,"89,99 zł","serum do twarzy na noc, "
"/Produkt/Serum/Christian-Laurent-Edition-de-Luxe-diamentowe-serum-napinajace-do-twarzy-30-ml,317887,9225",CHRISTIAN LAURENT,Edition de Luxe,30 ml,"67,99 zł","diamentowe serum napinające do twarzy, "
"/Produkt/Serum/Dermika-Luxury-Caviar-kawiorowe-serium-przeciwzmarszczkowe-w-kapsulkach-60g,409859,9225",DERMIKA,Luxury Caviar,60g,"99,99 zł","kawiorowe serium przeciwzmarszczkowe w kapsułkach, "
"/Produkt/Serum/Dermika-Luxury-Ceramides-serum-przeciwzmarszczkowe-w-kapsulkach-60-g,409858,9225",DERMIKA,Luxury Ceramides,60 g,"99,99 zł","serum przeciwzmarszczkowe w kapsułkach., "
"/Produkt/Serum/Janda-Collagen-Reconstructor-odmladzajace-serum-odzywka-na-twarz-szyje-i-dekolt-50-ml,331796,9225",JANDA,Collagen Reconstructor,50 ml,"53,99 zł","odmładzające serum-odżywka na twarz, szyję i dekolt, "
"/Produkt/Serum/Alterra-BIO-serum-przeciwzmarszczkowe-Bio-orchidea-30-ml,171036,9225",ALTERRA,BIO,30 ml,"22,99 zł","serum przeciwzmarszczkowe Bio orchideą, "
"/Produkt/Serum/Janda-Szafirowy-nosnik-dermosenolityczne-serum-na-twarz-szyje-i-dekolt-30ml,394448,9225",JANDA,Szafirowy nośnik,30ml,"54,99 zł","dermosenolityczne serum na twarz, szyję i dekolt, "
"/Produkt/Serum/Nivea-Cellular-Luminous-intensywne-serum-przeciw-przebarwieniom-skory-30-ml,381361,9225",NIVEA,Cellular Luminous,30 ml,"89,99 zł","intensywne serum przeciw przebarwieniom skóry, "
"/Produkt/Serum/Nivea-Cellular-Luminous-krem-redukujacy-cienie-pod-oczami-15-ml,394835,9225",NIVEA,Cellular Luminous,15 ml,"69,99 zł","krem redukujący cienie pod oczami, "
"/Produkt/Serum/More4Care-serum-zelazko-blyskawiczne-do-twarzy-szyi-i-dekoltu-35-ml,410089,9225",MORE4CARE,@NO_NAME@,35 ml,"79,99 zł","serum-żelazko, błyskawiczne, do twarzy szyi i dekoltu, "
"/Produkt/Serum/Lift4Skin-Beauty-Booster-serum-krem-nawilzajacy-SPF-30-2-kwas-hialuronowy-B5-30-ml,372712,9225",LIFT4SKIN,Beauty Booster,30 ml,"62,99 zł","serum + krem nawilżający SPF 30+ 2% kwas hialuronowy + B5, "
"/Produkt/Serum/Lift4Skin-Beauty-Booster-serum-krem-wygladzajacy-SPF-30-10-niacynamid-30-ml,372714,9225",LIFT4SKIN,Beauty Booster,30 ml,"62,99 zł","serum + krem wygładzający, SPF 30+ 10% niacynamid, "
"/Produkt/Serum/Lift4Skin-Beauty-Booster-serum-krem-rewitalizujacy-SPF-30-12-witamina-C-30-ml,372713,9225",LIFT4SKIN,Beauty Booster,30 ml,"62,99 zł","serum + krem rewitalizujący SPF 30+ 12% witamina C, "
"/Produkt/Serum/Dr-Skin-Clinic-booster-tradzik-kwas-salicylowy-03-destylat-olejku-z-drzewa-herbacianego-30-ml,357646,9225",DR SKIN CLINIC,@NO_NAME@,30 ml,"64,99 zł","booster trądzik, kwas salicylowy 0,3%, destylat olejku z drzewa herbacianego, "
"/Produkt/Serum/Yoskine-Geisha-Gold-Secret-serum-liftingujace-z-lipidami-sojowymi-30-ml,343053,9225",YOSKINE,Geisha Gold Secret,30 ml,"62,99 zł","serum liftingujące z lipidami sojowymi, "
"/Produkt/Serum/Dr-Skin-Clinic-booster-zmarszczki-4-Peptydy-30-ml,357647,9225",DR SKIN CLINIC,@NO_NAME@,30 ml,"89,99 zł","booster zmarszczki, 4% Peptydy, "
"/Produkt/Serum/Dr-Skin-Clinic-booster-rozjasnianie-15-Witamina-C-5-Glukonolakton-30-ml,357644,9225",DR SKIN CLINIC,@NO_NAME@,30 ml,"74,99 zł","booster rozjaśnianie 15% Witamina C, 5% Glukonolakton, "
"/Produkt/Serum/Dr-Skin-Clinic-booster-odmladzanie-1-Retinoidy-30-ml,357645,9225",DR SKIN CLINIC,@NO_NAME@,30 ml,"99,99 zł","booster odmładzanie 1% Retinoidy, "
"/Produkt/Serum/Onlybio-Ritualia-Tranquilty-serum-do-twarzy-30-ml,368089,9225",ONLYBIO,Ritualia Tranquilty,30 ml,"53,99 zł","serum do twarzy, "
"/Produkt/Serum/Onlybio-Ritualia-Tranquilty-serum-do-twarzy-30-ml,367468,9225",ONLYBIO,Ritualia Tranquilty,30 ml,"53,99 zł","serum do twarzy, "
"/Produkt/Serum/Bielenda-Professional-Vit-C-Activ-3-serum-z-aktywna-witamina-C-15-ml,357637,9225",BIELENDA PROFESSIONAL,Vit-C Activ,15 ml,"49,99 zł","3% serum z aktywną witaminą C, "
"/Produkt/Serum/Bielenda-Professional-Peptide-Lift-3-serum-z-peptydami-15-ml,357638,9225",BIELENDA PROFESSIONAL,Peptide Lift,15 ml,"51,99 zł","3% serum z peptydami, "
"/Produkt/Serum/Bielenda-Professional-Peptide-Lift-koncentrat-ujedrniajacy-z-syn-coll-5-i-peptydem-miedzi-15-ml,390482,9225",BIELENDA PROFESSIONAL,Peptide Lift,15 ml,"54,99 zł","koncentrat ujędrniający z syn®-coll 5% i peptydem miedzi, "
"/Produkt/Serum/Bielenda-Professional-Peptide-Lift-serum-pod-oczy-z-kompleksem-rozswietlajaco-ujedrniajacym-8-15-m,390483,9225",BIELENDA PROFESSIONAL,Peptide Lift,15 ml,"52,99 zł","serum pod oczy z kompleksem rozświetlająco-ujędrniającym 8%, "
"/Produkt/Serum/LOreal-Paris-Revitalift-Laser-X3-serum-regenerujace-anti-age-40-30-ml,173157,9225",L'ORÉAL PARIS,Revitalift Laser X3,30 ml,"57,99 zł","serum regenerujące anti-age, 40+, "
"/Produkt/Serum/LOreal-Paris-Revitalift-Laser-serum-do-twarzy-na-noc-glebokie-zmarszczki-Pure-Retinol-30-ml,366328,9225",L'ORÉAL PARIS,Revitalift Laser,30 ml,"64,99 zł","serum do twarzy na noc głębokie zmarszczki, Pure Retinol, "
"/Produkt/Serum/Yoskine-Okinawa-Green-Caviar-serum-kawiorowe-pod-krem-30-ml,318355,9225",YOSKINE,Okinawa Green Caviar,30 ml,"57,99 zł","serum kawiorowe pod krem, "
"/Produkt/Serum/Biotaniqe-Lift-Infusion-liposomowe-serum-liftingujace-na-dzien-i-na-noc-cera-dojrzala-20-ml,408548,9225",BIOTANIQE,Lift Infusion,20 ml,"44,99 zł","liposomowe serum liftingujące na dzień i na noc cera dojrzała, "
"/Produkt/Serum/LOreal-Paris-Revitalift-Filler-7-dniowa-kuracja-w-ampulkach-40-7-ml,313601,9225",L'ORÉAL PARIS,Revitalift Filler,7 ml,"79,99 zł","7 dniowa kuracja w ampułkach 40+, "
"/Produkt/Serum/LOreal-Paris-Revitalift-Filler-serum-przeciwzmarszczkowe-15-czystego-kwasu-hialuronowego-30-ml,357736,9225",L'ORÉAL PARIS,Revitalift Filler,30 ml,"57,99 zł","serum przeciwzmarszczkowe, 1,5% czystego kwasu hialuronowego, "
"/Produkt/Serum/LOreal-Paris-Revitalift-Filler-serum-pod-oczy-zmniejszajace-cienie-pod-oczami-i-redukujace-zmarszc,390621,9225",L'ORÉAL PARIS,Revitalift Filler,20 ml,"74,99 zł","serum pod oczy, zmniejszające cienie pod oczami i redukujące zmarszczki, "
"/Produkt/Serum/Nivea-Cellular-PROFESSIONAL-serum-do-twarzy-odpowiednie-dla-wszystkich-typow-skory-30-ml,394828,9225",NIVEA,Cellular PROFESSIONAL,30 ml,"59,99 zł","serum do twarzy odpowiednie dla wszystkich typów skóry, "
"/Produkt/Serum/Nivea-Cellular-PROFESSIONAL-serum-do-twarzy-odpowiednie-dla-wszystkich-typow-skory-30-ml,394829,9225",NIVEA,Cellular PROFESSIONAL,30 ml,"59,99 zł","serum do twarzy odpowiednie dla wszystkich typów skóry, "
"/Produkt/Serum/Nivea-Q10-Power-przeciwzmarszczkowy-multifunkcyjny-olejek-pielegnujacy-30-ml,327274,9225",NIVEA,Q10 Power,30 ml,"68,99 zł","przeciwzmarszczkowy, multifunkcyjny olejek pielęgnujący, "
"/Produkt/Serum/Nivea-Q10-Power-serum-przeciwzmarszczkowe-Skoncentrowane-Perly-Mlodosci-30-ml,373964,9225",NIVEA,Q10 Power,30 ml,"59,99 zł","serum przeciwzmarszczkowe Skoncentrowane Perły Młodości, "
"/Produkt/Serum/Nivea-Q10-przeciwzmarszczkowy-multiregenerujacy-krem-serum-na-noc-30-ml,411269,9225",NIVEA,Q10,30 ml,"45,99 zł","przeciwzmarszczkowy, multiregenerujący krem-serum na noc, "
"/Produkt/Serum/Janda-Sila-Wypelniacza-Hialuronowego-hialusferyczne-serum-wypelniacz-zmarszczek-50-ml,321333,9225",JANDA,Siła Wypełniacza Hialuronowego,50 ml,"36,99 zł","hialusferyczne serum, wypełniacz zmarszczek, "
"/Produkt/Serum/Lirene-Diamentowy-Lifting-3D-serum-do-twarzy-przeciwzmarszczkowe-wygladzajace-dzien-noc-30-ml,409515,9225",LIRENE,Diamentowy Lifting 3D,30 ml,"29,99 zł","serum do twarzy przeciwzmarszczkowe, wygładzające, dzień/noc, "
"/Produkt/Serum/Eveline-Cosmetics-Face-Therapy-Professional-serum-Shot-5-Kofeina-Kwas-hialuronowy-Witamina-C-Cg-op,411033,9225",EVELINE COSMETICS,Face Therapy Professional,30 ml,"39,99 zł","serum Shot 5% Kofeina, Kwas hialuronowy, Witamina C+Cg, opuchnięcia, "
"/Produkt/Serum/Eveline-Cosmetics-Face-Therapy-Professional-serum-Shot-Multipeptydy-Kolagen-Ceramidy-odmlodzenie-30,396448,9225",EVELINE COSMETICS,Face Therapy Professional,30 ml,"39,99 zł","serum Shot Multipeptydy, Kolagen, Ceramidy, odmłodzenie, "
"/Produkt/Serum/Eveline-Cosmetics-Face-Therapy-Professional-serum-Shot-02-Retinol-Skwalan-Niacynamid-zmarszczki-30,402264,9225",EVELINE COSMETICS,Face Therapy Professional,30 ml,"39,99 zł","serum Shot 0,2% Retinol, Skwalan, Niacynamid, zmarszczki, "
"/Produkt/Serum/Eveline-Cosmetics-Face-Therapy-Professional-peel-Shot-15-Kwas-glikolowy-Glukonolakton-Kwas-migdalo,411035,9225",EVELINE COSMETICS,Face Therapy Professional,30 ml,"39,99 zł","peel Shot 15% Kwas glikolowy, Glukonolakton, Kwas migdałowy, wygładzenie, "
"/Produkt/Serum/Eveline-Cosmetics-Face-Therapy-Professional-serum-Shot-2-kwas-hialuronowy-trehaloza-witamina-B5-na,396447,9225",EVELINE COSMETICS,Face Therapy Professional,30 ml,"39,99 zł","serum Shot 2% kwas hialuronowy, trehaloza, witamina B5, nawilżenia, "
"/Produkt/Serum/Eveline-Cosmetics-Face-Therapy-Professional-serum-Shot-15-Niacynamid-Cynk-Kwas-salicylowy-niedosko,396450,9225",EVELINE COSMETICS,Face Therapy Professional,30 ml,"39,99 zł","serum Shot 15% Niacynamid, Cynk, Kwas salicylowy, niedoskonałości, "
"/Produkt/Serum/Eveline-Cosmetics-Face-Therapy-Professional-serum-Shot-15-Witaminy-C-Cg-Resweratrol-Kwas-ferulowy-,411034,9225",EVELINE COSMETICS,Face Therapy Professional,30 ml,"39,99 zł","serum Shot 15% Witaminy C+Cg, Resweratrol, Kwas ferulowy, rozświetlenie, "
"/Produkt/Serum/Lirene-ultra-naprawcze-serum-do-twarzy-dekoltu-i-szyi-na-dzien-i-na-noc-30-ml,390420,9225",LIRENE,@NO_NAME@,30 ml,"27,99 zł","ultra-naprawcze serum do twarzy, dekoltu i szyi, na dzień i na noc, "
"/Produkt/Serum/Perfecta-B3-Forte-odmladzajace-serum-do-twarzy-na-dzien-i-na-noc-kwas-hialuronowy-30-ml,369988,9225",PERFECTA,B3 Forte,30 ml,"33,99 zł","odmładzające serum do twarzy na dzień i na noc kwas hialuronowy, "
"/Produkt/Serum/Isana-Pro-Kollagen-Energy-serum-do-twarzy-30-ml,385792,9225",ISANA,Pro-Kollagen Energy,30 ml,"23,99 zł","serum do twarzy , "
"/Produkt/Serum/ME-serum-do-twarzy-z-kwasem-traneksamowym-25-30-ml,370199,9225",ME+,@NO_NAME@,30 ml,"31,99 zł","serum do twarzy z kwasem traneksamowym 2,5%, "
"/Produkt/Serum/ME-serum-do-twarzy-SPF-30-30-ml,370204,9225",ME+,@NO_NAME@,30 ml,"31,99 zł","serum do twarzy SPF 30, "
"/Produkt/Serum/ME-serum-do-twarzy-z-kwasem-poliglutaminowym-1-30-ml,370201,9225",ME+,@NO_NAME@,30 ml,"31,99 zł","serum do twarzy z kwasem poliglutaminowym 1%, "
"/Produkt/Serum/ME-serum-do-twarzy-z-kwasem-hialuronowym-2-30-ml,370191,9225",ME+,@NO_NAME@,30 ml,"27,99 zł","serum do twarzy z kwasem hialuronowym 2%, "
"/Produkt/Serum/Isana-Lift-Triple-serum-z-peptydami-30-ml,385785,9225",ISANA,Lift Triple,30 ml,"23,99 zł","serum z peptydami , "
"/Produkt/Serum/ME-serum-do-twarzy-niacynamid-10-i-cynk-15-30-ml,370197,9225",ME+,@NO_NAME@,30 ml,"27,99 zł","serum do twarzy, niacynamid 10% i cynk 1,5%, "
"/Produkt/Serum/Isana-Hyaluron-Intense-koncentrat-liftingujacy-ampulki-14-ml,402885,9225",ISANA,Hyaluron Intense,14 ml,"23,99 zł","koncentrat liftingujący, ampułki , "
"/Produkt/Serum/Isana-Vitamin-Booster-ampulki-z-retinolem-witamina-C-i-witamina-E-7x2-ml,317776,9225",ISANA,Vitamin Booster,7x2 ml,"31,99 zł","ampułki z retinolem witaminą C i witaminą E, "
"/Produkt/Serum/Isana-ampulki-z-prowitamina-B5-7x2-ml,377724,9225",ISANA,@NO_NAME@,7x2 ml,"23,99 zł","ampułki z prowitaminą B5, "
"/Produkt/Serum/Isana-serum-perlowe-Gold-Brilliance-30-ml,385735,9225",ISANA,@NO_NAME@,30 ml,"31,99 zł","serum perłowe Gold Brilliance, "
"/Produkt/Serum/Isana-Q10-ampulki-koncentrat-przeciwzmarszczkowy-72-ml,188189,9225",ISANA,Q10,7×2 ml,"23,99 zł","ampułki, koncentrat przeciwzmarszczkowy, "
"/Produkt/Serum/Isana-Q10-przeciwzmarszczkowe-kapsulki-pielegnacyjne-z-kompleksem-anti-age-7-szt,194846,9225",ISANA,Q10,7 szt.,"9,49 zł","przeciwzmarszczkowe kapsułki pielęgnacyjne z kompleksem anti-age, "
"/Produkt/Serum/Isana-Night-Beauty-kapsulki-z-retinolem-do-twarzy-1-szt,393647,9225",ISANA,Night &amp; Beauty,1 szt.,"9,49 zł","kapsułki z retinolem do twarzy, "
"/Produkt/Serum/Isana-Vitamin-C-serum-do-twarzy-w-ampulkach-3x2-ml,385743,9225",ISANA,Vitamin C,3x2 ml,"9,49 zł","serum do twarzy w ampułkach , "
"/Produkt/Serum/Isana-Vitamin-C-serum-do-twarzy-30-ml,385745,9225",ISANA,Vitamin C,30 ml,"31,99 zł","serum do twarzy , "
"/Produkt/Serum/Isana-Vital-serum-do-twarzy-skora-dojrzala-30-ml,385742,9225",ISANA,Vital,30 ml,"14,49 zł","serum do twarzy skóra dojrzała, "
"/Produkt/Serum/Isana-Vital-serum-skora-dojrzala-30-ml,385740,9225",ISANA,Vital,30 ml,"14,49 zł","serum, skóra dojrzała , "
"/Produkt/Serum/Alterra-booster-hialuronowy-15-ml,340617,9225",ALTERRA,@NO_NAME@,15 ml,"18,99 zł","booster hialuronowy, "
"/Produkt/Serum/Alterra-ampulki-hialuronowe-7x1ml,366559,9225",ALTERRA,@NO_NAME@,7x1ml,"18,99 zł","ampułki hialuronowe, "
"/Produkt/Serum/Tolpa-pre-age-krem-pod-oczy-redukujacy-oznaki-zmeczenia-10-ml,401436,9225",TOŁPA,pre age,10 ml,"32,99 zł","krem pod oczy redukujący oznaki zmęczenia, "
"/Produkt/Serum/Tolpa-pre-age-nawilzajace-serum-rozswietlajace-do-twarzy-20-ml,395576,9225",TOŁPA,pre age,20 ml,"37,99 zł","nawilżające serum rozświetlające do twarzy, "
"/Produkt/Serum/Eveline-Cosmetics-bioHyaluron-3-x-Retinol-System-multinaprawcze-serum-przeciwzmarszczkowe-na-noc-18,379118,9225",EVELINE COSMETICS,bioHyaluron 3 x Retinol System,18 ml,"29,99 zł","multinaprawcze serum przeciwzmarszczkowe na noc, "
"/Produkt/Serum/Tolpa-pre-age-matujace-serum-normalizujace-zwezajace-pory-20-ml,401437,9225",TOŁPA,pre age,20 ml,"37,99 zł","matujące serum normalizujące zwężające pory, "
"/Produkt/Serum/Eveline-Cosmetics-bioHyaluron-3-x-Retinol-System-multinawilzajace-serum-wypelniajace-zmarszczki-na-,379117,9225",EVELINE COSMETICS,bioHyaluron 3 x Retinol System,18 ml,"29,99 zł","multinawilżające serum wypełniające zmarszczki na dzień i na noc, "
"/Produkt/Serum/Perfecta-Multi-kolagen-Retinol-booster-na-dzien-i-na-noc-15-ml,285237,9225",PERFECTA,Multi-kolagen Retinol,15 ml,"31,99 zł","booster na dzień i na noc, "
"/Produkt/Serum/Bielenda-Diamentowe-Lipidy-serum-lipidowe-przeciwzmarszczkowe-30-ml,409365,9225",BIELENDA,Diamentowe Lipidy,30 ml,"29,99 zł","serum lipidowe przeciwzmarszczkowe, "
"/Produkt/Serum/Jus-Mionsh-T_Roscca-przeciwzmarszczkowe-odbudowujace-serum-50-70-30-ml,408524,9225",JUS &amp; MIONSH,T_Roscca,30 ml,"27,99 zł","przeciwzmarszczkowe odbudowujące serum 50-70+, "
"/Produkt/Serum/Lirene-C-E-Vitamin-Energy-skoncentrowane-serum-do-twarzy-na-dzien-i-na-noc-30-ml,381437,9225",LIRENE,C+E Vitamin Energy,30 ml,"29,99 zł","skoncentrowane serum do twarzy na dzień i na noc, "
"/Produkt/Serum/Eveline-Cosmetics-Face-Therapy-Professional-ekspresowe-serum-redukujace-zmarszczki-pod-oczy-na-czol,280706,9225",EVELINE COSMETICS,Face Therapy Professional,15 ml,"21,99 zł","ekspresowe serum redukujące zmarszczki pod oczy, na czoło i okolice ust, "
"/Produkt/Serum/Bielenda-Royal-Bee-Elixir-przeciwzmarszczkowe-serum-aktywnie-rewitalizujace-na-dzien-i-na-noc-30-ml,372615,9225",BIELENDA,Royal Bee Elixir,30 ml,"29,99 zł","przeciwzmarszczkowe serum aktywnie rewitalizujące na dzień i na noc, "
"/Produkt/Serum/Bielenda-Kuracja-Mlodosci-odbudowujace-serum-przeciwzmarszczkowe-na-dzien-i-na-noc-40-30-ml,288097,9225",BIELENDA,Kuracja Młodości,30 ml,"32,99 zł","odbudowujące serum przeciwzmarszczkowe, na dzień i na noc, 40+, "
"/Produkt/Serum/AA-My-Beauty-Power-wygladzajace-serum-booster-niacynamid-10-15-ml,372709,9225",AA,My Beauty Power,15 ml,"25,49 zł","wygładzające serum-booster niacynamid 10%, "
"/Produkt/Serum/Biotinne-Care-Slow-Age-Skin-aktywne-serum-na-noc-upiekszajaco-upiekszajaco-wygladzajace-30-ml,408527,9225",BIOTINNE,Care,30 ml,"24,99 zł","aktywne serum na noc, upiększająco- upiększająco-wygładzające, "
"/Produkt/Serum/Biotinne-Care-Slow-Age-Skin-skoncentrowane-serum-ujedrniajace-pod-oczy-30-ml,408528,9225",BIOTINNE,Care,30 ml,"24,99 zł","skoncentrowane serum ujędrniające pod oczy, "
"/Produkt/Serum/Neutrogena-Bright-Boost-rozswietlajace-serum-30-ml,370546,9225",NEUTROGENA,Bright Boost,30 ml,"62,99 zł","rozświetlające serum, "
"/Produkt/Serum/Neutrogena-Hydro-Boost-nawadniajacy-booster-serum-do-twarzy-30-ml,284458,9225",NEUTROGENA,Hydro Boost,30 ml,"56,99 zł","nawadniający booster serum do twarzy, "
"/Produkt/Serum/Miya-Cosmetics-myPOWERelixir-naturalne-serum-rewitalizujace-15-ml,290044,9225",MIYA COSMETICS,myPOWERelixir,15 ml,"43,99 zł","naturalne serum rewitalizujące, "
"/Produkt/Serum/Miya-Cosmetics-BEAUTYlab-serum-nawilzajace-do-twarzy-potrojny-kwas-hialuronowy-2-30-ml,370337,9225",MIYA COSMETICS,BEAUTY.lab,30 ml,"49,99 zł","serum nawilżające do twarzy potrójny kwas hialuronowy 2%, "
"/Produkt/Serum/Miya-Cosmetics-BEAUTYlab-serum-z-witamina-C-na-przebarwienia-30-ml,343724,9225",MIYA COSMETICS,BEAUTY.lab,30 ml,"49,99 zł","serum z witaminą C na przebarwienia, "
"/Produkt/Serum/Miya-Cosmetics-BEAUTYlab-serum-wygladzajace-z-kompeksem-anti-aging-5-30-ml,343791,9225",MIYA COSMETICS,BEAUTY.lab,30 ml,"49,99 zł","serum wygładzające z kompeksem anti-aging 5%, "
"/Produkt/Serum/Miya-Cosmetics-BEAUTYlab-serum-z-prebiotykami-do-skory-problematycznej-30-ml,343337,9225",MIYA COSMETICS,BEAUTY.lab,30 ml,"49,99 zł","serum z prebiotykami do skóry problematycznej, "
"/Produkt/Serum/Nivea-Hydra-Skin-Effect-esencja-serum-do-twarzy-gleboko-nawadniajace-100-ml,373961,9225",NIVEA,Hydra Skin Effect,100 ml,"53,99 zł","esencja-serum do twarzy głęboko nawadniające, "
"/Produkt/Serum/Onlybio-Face-in-Balance-adaptogenne-serum-do-twarzy-zwezajace-pory-30-ml,368096,9225",ONLYBIO,Face in Balance,30 ml,"37,99 zł","adaptogenne serum do twarzy zwężające pory, "
"/Produkt/Serum/Onlybio-Face-in-Balance-adaptogenne-serum-do-twarzy-nawilzajace-30-ml,368097,9225",ONLYBIO,Face in Balance,30 ml,"37,99 zł","adaptogenne serum do twarzy nawilżające , "
"/Produkt/Serum/Onlybio-Face-in-Balance-adaptogenne-serum-do-twarzy-rozswietlajace-30-ml,368098,9225",ONLYBIO,Face in Balance,30 ml,"37,99 zł","adaptogenne serum do twarzy rozświetlające, "
"/Produkt/Serum/Fluff-Superfood-serum-dwufazowe-do-twarzy-avocado-aloe-40-ml,378787,9225",FLUFF,Superfood,40 ml,"36,99 zł","serum dwufazowe do twarzy, avocado + aloe, "
"/Produkt/Serum/Fluff-Superfood-serum-dwufazowe-do-twarzy-turmeric-vitC-40-ml,378789,9225",FLUFF,Superfood,40 ml,"36,99 zł","serum dwufazowe do twarzy, turmeric + vit.C, "
"/Produkt/Serum/Fluff-Superfood-mleko-do-twarzy-Liczi-40-ml,357908,9225",FLUFF,Superfood,40 ml,"35,99 zł","mleko do twarzy Liczi, "
"/Produkt/Serum/Fluff-Superfood-mleko-do-twarzy-Malina-40-ml,357910,9225",FLUFF,Superfood,40 ml,"35,99 zł","mleko do twarzy Malina, "
"/Produkt/Serum/Fluff-Superfood-mleko-do-twarzy-Zielona-Herbata-40-ml,357911,9225",FLUFF,Superfood,40 ml,"35,99 zł","mleko do twarzy Zielona Herbata, "
"/Produkt/Serum/Numee-intensywnie-nawilzajace-serum-30-ml,393358,9225",NUMEE,@NO_NAME@,30 ml,"29,99 zł","intensywnie nawilżające serum, "
"/Produkt/Serum/Numee-multi-benefit-serum-30-ml,393359,9225",NUMEE,@NO_NAME@,30 ml,"29,99 zł","multi- benefit serum, "
"/Produkt/Serum/Numee-serum-zluszczajace-do-twarzy-30-ml,393360,9225",NUMEE,@NO_NAME@,30 ml,"29,99 zł","serum złuszczające do twarzy, "
"/Produkt/Serum/Numee-oczyszczajacy-peeling-30-ml,393362,9225",NUMEE,@NO_NAME@,30 ml,"39,99 zł","oczyszczający peeling, "
"/Produkt/Serum/Numee-serum-rozjasniajace-30-ml,393364,9225",NUMEE,@NO_NAME@,30 ml,"39,99 zł","serum rozjaśniające , "
"/Produkt/Serum/Bielenda-Skin-Clinic-Professional-Kolagen-serum-regenerujaco-przeciwzmarszczkowe-na-dzien-i-noc-30,409355,9225",BIELENDA,Skin Clinic Professional,30 ml,"32,99 zł","Kolagen, serum, regenerująco-przeciwzmarszczkowe na dzień i noc, "
"/Produkt/Serum/Bielenda-Skin-Clinic-Professional-kwas-Hialuronowy-serum-nawilzajaco-kojace-na-dzien-i-noc-30-ml,409357,9225",BIELENDA,Skin Clinic Professional,30 ml,"32,99 zł","kwas Hialuronowy, serum, nawilżająco-kojące na dzień i noc, "
"/Produkt/Serum/Bielenda-Skin-Clinic-Professional-Niacynamid-serum-normalizujaco-wygladzajace-na-dzien-i-noc-30-ml,409356,9225",BIELENDA,Skin Clinic Professional,30 ml,"32,99 zł","Niacynamid, serum, normalizująco-wygładzajace na dzień i noc, "
"/Produkt/Serum/Bielenda-Skin-Clinic-Professional-Retinol-serum-liftingujaco-restrukturyzujace-30-ml,409353,9225",BIELENDA,Skin Clinic Professional,30 ml,"32,99 zł","Retinol serum, liftingująco -  restrukturyzujące, na noc , "
"/Produkt/Serum/Bielenda-Skin-Clinic-Professional-Witamina-C-serum-rozswietlajaco-odzywcze-na-dzien-30-ml,409354,9225",BIELENDA,Skin Clinic Professional,30 ml,"32,99 zł","Witamina C, serum, rozświetlająco-odżywcze na dzień, "
"/Produkt/Serum/Tolpa-authentic-mgielka-booster-do-twarzy-na-dzien-i-na-noc-nawilzona-skora-75-ml,378965,9225",TOŁPA,authentic,75 ml,"32,99 zł","mgiełka-booster do twarzy na dzień i na noc, nawilżona skóra, "
"/Produkt/Serum/Tolpa-authentic-serum-do-twarzy-zwezajace-pory-20-ml,378966,9225",TOŁPA,authentic,20 ml,"32,99 zł","serum do twarzy zwężające pory, "
"/Produkt/Serum/FaceBoom-korygujaco-rozjasniajace-serum-do-twarzy-cera-mieszana-tlusta-30-ml,357402,9225",FACEBOOM,@NO_NAME@,30 ml,"31,99 zł","korygująco-rozjaśniające serum do twarzy cera mieszana/tłusta, "
"/Produkt/Serum/Garnier-serum-na-przebarwienia-z-witamina-C-30-ml,390741,9225",GARNIER,@NO_NAME@,30 ml,"44,99 zł","serum na przebarwienia z witaminą C, "
"/Produkt/Serum/Garnier-Hyaluronic-Aloe-serum-nawilzajace-do-twarzy-30-ml,390740,9225",GARNIER,Hyaluronic Aloe,30 ml,"44,99 zł","serum nawilżające do twarzy, "
"/Produkt/Serum/Mixa-Hyalurogel-serum-dla-skory-wrazliwej-30-ml,379184,9225",MIXA,Hyalurogel,30 ml,"46,99 zł","serum dla skóry wrażliwej, "
"/Produkt/Serum/Tolpa-pure-trends-healthy-look-rozswietlajace-multi-serum-korektor-do-twarzy-20-ml,396284,9225",TOŁPA,pure trends healthy look,20 ml,"23,99 zł","rozświetlające multi serum-korektor do twarzy, "
"/Produkt/Serum/Soraya-Chlorofil-krople-normalizujace-nawilzajace-chlorofil-mirt-cytrynowy-niacynamid-30-ml,409852,9225",SORAYA,Chlorofil,30 ml,"19,99 zł","krople normalizujące, nawilżające chlorofil+mirt cytrynowy+niacynamid, "
"/Produkt/Serum/Isana-Hyaluron-Intense-serum-do-twarzy-30-ml,385761,9225",ISANA,Hyaluron Intense,30 ml,"20,99 zł","serum do twarzy , "
"/Produkt/Serum/Isana-Butterfly-serum-rozswietlajace-30-ml,393642,9225",ISANA,Butterfly,30 ml,"19,99 zł","serum  rozświetlajace , "
"/Produkt/Serum/Isana-serum-z-olejkiem-pielegnujacym-arbuz-30-ml,393643,9225",ISANA,@NO_NAME@,30 ml,"19,99 zł","serum z olejkiem pielęgnującym, arbuz, "
"/Produkt/Serum/Isana-serum-nawilzajace-do-twarzy-marakuja-30-ml,393644,9225",ISANA,@NO_NAME@,30 ml,"19,99 zł","serum nawilżające do twarzy marakuja, "
"/Produkt/Serum/Isana-Night-Beauty-serum-do-twarzy-koncentrat-upiekszajacy-30-ml,393650,9225",ISANA,Night &amp; Beauty,30 ml,"23,99 zł","serum do twarzy koncentrat upiększający, "
"/Produkt/Serum/Isana-Pure-srum-do-twarzy-z-kwasem-hialuronowym-i-pantenolem-30-ml,404487,9225",ISANA,Pure,30 ml,"20,99 zł","srum do twarzy z kwasem hialuronowym i pantenolem, "
"/Produkt/Serum/Kruidvat-Originals-olejek-pielegnacyjny-drzewo-herbaciane-10-ml,285712,9225",KRUIDVAT ORIGINALS,@NO_NAME@,10 ml,"11,99 zł","olejek pielęgnacyjny drzewo herbaciane, "
"/Produkt/Serum/Alterra-serum-z-witaminami-triple-vitamin-booster-15-ml,340618,9225",ALTERRA,@NO_NAME@,15 ml,"18,99 zł","serum z witaminami triple vitamin booster, "
"/Produkt/Serum/Alterra-olejek-do-twarzy-granat-BIO-30-ml,199707,9225",ALTERRA,@NO_NAME@,30 ml,"15,99 zł","olejek do twarzy granat BIO, "
"/Produkt/Serum/Soraya-I-love-serum-serum-rozjasniajace-do-cery-zmeczonej-pozbawionej-blasku-30-ml,390298,9225",SORAYA,I love serum,30 ml,"18,99 zł","serum rozjaśniające do cery zmęczonej, pozbawionej blasku, "
"/Produkt/Serum/Soraya-I-love-serum-serum-nawilzajace-do-cery-suchej-i-odwodnionej-30-ml,390296,9225",SORAYA,I love serum,30 ml,"18,99 zł","serum nawilżające do cery suchej i odwodnionej, "
"/Produkt/Serum/Soraya-I-love-serum-serum-normalizujace-do-cery-tlustej-i-mieszanej-30-ml,390297,9225",SORAYA,I love serum,30 ml,"18,99 zł","serum normalizujące do cery tłustej i mieszanej, "
"/Produkt/Serum/Soraya-I-love-serum-serum-regenerujace-do-cery-suchej-i-wrazliwej-30-ml,390501,9225",SORAYA,I love serum,30 ml,"18,99 zł","serum regenerujące do cery suchej i wrażliwej, "
"/Produkt/Serum/FaceBoom-Seboom-serum-udoskonalajace-z-korygujacym-pigmentem-30-ml,378856,9225",FACEBOOM,Seboom,30 ml,"31,99 zł","serum udoskonalające, z korygującym pigmentem, "
"/Produkt/Serum/Tolpa-dermo-face-enzyme-enzymatyczne-serum-rozswietlajace-30-ml,410092,9225",TOŁPA,dermo face enzyme,30 ml,"39,99 zł","enzymatyczne serum rozświetlające, "
"/Produkt/Serum/Tolpa-dermo-face-enzyme-enzymatyczne-serum-wyrownujace-30-ml,410093,9225",TOŁPA,dermo face enzyme,30 ml,"39,99 zł","enzymatyczne serum wyrównujące, "
"/Produkt/Serum/Tolpa-dermo-face-enzyme-enzymatyczne-serum-nawilzajace-30-ml,410094,9225",TOŁPA,dermo face enzyme,30 ml,"39,99 zł","enzymatyczne serum nawilżające, "
"/Produkt/Serum/Tolpa-dermo-face-sebio-max-efekt-serum-do-twarzy-z-4-molekulami-20-ml,390617,9225",TOŁPA,dermo face sebio max efekt,20 ml,"37,99 zł","serum do twarzy z 4 molekułami, "
"/Produkt/Serum/Bielenda-Blue-Matcha-serum-nawilzajaco-kojace-do-twarzy-30-g,390468,9225",BIELENDA,Blue Matcha,30 g,"29,99 zł","serum nawilżająco-kojące do twarzy, "
"/Produkt/Serum/Bielenda-Blue-Matcha-krople-korygujace-zwezajace-pory-30-ml,390188,9225",BIELENDA,Blue Matcha,30 ml,"29,99 zł","krople korygujące zwężające pory, "
"/Produkt/Serum/Stars-from-The-Stars-Space-Face-serum-do-twarzy-na-niedoskonalosci-2-BHA-30-ml,390265,9225",STARS FROM THE STARS,Space Face,30 ml,"29,99 zł","serum do twarzy na niedoskonałości, 2% BHA, "
"/Produkt/Serum/Eveline-Cosmetics-Perfect-Skin-Acne-kuracja-na-noc-z-5-kwasami-korygujaca-niedoskonalosci-30ml,396463,9225",EVELINE COSMETICS,Perfect Skin Acne,30ml,"29,99 zł","kuracja na noc, z 5% kwasami korygująca niedoskonałości, "
"/Produkt/Serum/Eveline-Cosmetics-Perfect-Skin-Acne-kuracja-na-noc-z-10-kwasami-korygujaca-niedoskonalosci-30-ml,396464,9225",EVELINE COSMETICS,Perfect Skin Acne,30 ml,"29,99 zł","kuracja na noc, z 10% kwasami korygująca niedoskonałości, "
"/Produkt/Serum/AA-My-Beauty-Power-Acne-serum-redukujace-niedoskonalosci-30-ml,381857,9225",AA,My Beauty Power Acne,30 ml,"29,99 zł","serum redukujące niedoskonałości, "
"/Produkt/Serum/Onlybio-Kombucha-serum-do-twarzy-punktowe-na-niedoskonalosci-15-ml,393193,9225",ONLYBIO,Kombucha,15 ml,"25,49 zł","serum do twarzy punktowe na niedoskonałości, "
"/Produkt/Serum/Isana-zel-przeciw-wypryskom-15-ml,168258,9225",ISANA,@NO_NAME@,15 ml,"11,49 zł","żel przeciw wypryskom, "
"/Produkt/Serum/Q-A-olejek-do-twarzy-skwalan-30-ml,382867,9225",Q+A,@NO_NAME@,30 ml,"59,99 zł","olejek do twarzy (skwalan), "
"/Produkt/Serum/Q-A-olejek-do-twarzy-Super-Food-30-ml,382864,9225",Q+A,@NO_NAME@,30 ml,"49,99 zł","olejek do twarzy Super Food, "
"/Produkt/Serum/Q-A-serum-do-twarzy-z-cynkiem-PCA-30-ml,382863,9225",Q+A,@NO_NAME@,30 ml,"49,99 zł","serum do twarzy z cynkiem PCA, "
"/Produkt/Serum/Q-A-serum-do-twarzy-z-peptydami-30-ml,382861,9225",Q+A,@NO_NAME@,30 ml,"49,99 zł","serum do twarzy z peptydami, "
"/Produkt/Serum/Q-A-serum-do-twarzy-z-kwasem-hialuronowym-30-ml,382859,9225",Q+A,@NO_NAME@,30 ml,"39,99 zł","serum do twarzy z kwasem hialuronowym, "
"/Produkt/Serum/Q-A-serum-pod-oczy-z-kofeina-15ml,382860,9225",Q+A,@NO_NAME@,15ml,"39,99 zł","serum pod oczy z kofeiną, "
"/Produkt/Serum/AMVI-Cosmetics-serum-rozswietlajace-z-witamina-C-30-ml,379534,9225",AMVI COSMETICS,@NO_NAME@,30 ml,"65,99 zł","serum rozświetlające z witaminą C, "
"/Produkt/Serum/Tolpa-black-from-nature-serum-booster-pod-krem-wygladzajacy-zmarszczki-z-komorkami-macierzystymi-75,382720,9225",TOŁPA,black from nature,75 ml,"62,99 zł","serum-booster pod krem wygładzający zmarszczki z komórkami macierzystymi, "
"/Produkt/Serum/Tolpa-dermo-face-hydrativ-nawilzajaca-plynna-esencja-pod-krem-75-ml,265455,9225",TOŁPA,dermo face hydrativ,75 ml,"39,99 zł","nawilżająca płynna esencja pod krem, "
"/Produkt/Serum/beBIO-Ewa-Chodakowska-naturalne-serum-olejek-odzywczo-regenerujace-30-ml,357682,9225",BEBIO,Ewa Chodakowska,30 ml,"43,99 zł","naturalne serum-olejek odżywczo- regenerujące, "
"/Produkt/Serum/LOreal-Paris-Hydra-Genius-Aloe-Water-plynna-pielegnacja-nawilzajaca-do-skory-suchej-i-wrazliwej-70,286786,9225",L'ORÉAL PARIS,Hydra Genius Aloe Water,70 ml,"43,99 zł","płynna pielęgnacja nawilżająca do skóry suchej i wrażliwej, "
"/Produkt/Serum/LOreal-Paris-Hydra-Genius-Aloe-Water-plynna-pielegnacja-nawilzajaca-do-skory-normalnej-i-suchej-70,286789,9225",L'ORÉAL PARIS,Hydra Genius Aloe Water,70 ml,"43,99 zł","płynna pielęgnacja nawilżająca do skóry normalnej i suchej, "
"/Produkt/Serum/LOreal-Paris-Hydra-Genius-Aloe-Water-plynna-pielegnacja-nawilzajaca-do-skory-normalnej-i-mieszanej,286792,9225",L'ORÉAL PARIS,Hydra Genius Aloe Water,70 ml,"43,99 zł","płynna pielęgnacja nawilżająca do skóry normalnej i mieszanej, "
"/Produkt/Serum/FaceBoom-Skin-Harmony-rozpieszczajace-serum-olejkowe-do-twarzy-cera-odwodniona-sucha-i-mieszana-15-,396271,9225",FACEBOOM,Skin Harmony,15 ml,"34,99 zł","rozpieszczające serum olejkowe do twarzy cera odwodniona, sucha i mieszana, "
"/Produkt/Serum/Perfecta-Me-My-BIO-vitamin-C-bomb-serum-New-Skin-na-dzien-i-na-noc-30-ml,381359,9225",PERFECTA,Me&amp;My,30 ml,"29,99 zł","BIO vitamin C bomb serum ""New Skin"" na dzień i na noc, "
"/Produkt/Serum/Perfecta-Me-My-aloe-vera-booster-serum-zastrzyk-nawilzenia-na-dzien-i-na-noc-30-ml,381357,9225",PERFECTA,Me&amp;My,30 ml,"29,99 zł","aloe vera - booster serum - zastrzyk nawilżenia na dzień i na noc, "
"/Produkt/Serum/Bielenda-Beauty-CEO-serum-nawilzajace-do-twarzy-do-kazdego-rodzaju-cery-30-ml,393372,9225",BIELENDA,Beauty CEO,30 ml,"28,99 zł","serum nawilżające do twarzy do każdego rodzaju cery, "
"/Produkt/Serum/Bielenda-Beauty-CEO-serum-normalizujace-do-twarzy-do-kazdego-rodzaju-cery-30-ml,393373,9225",BIELENDA,Beauty CEO,30 ml,"28,99 zł","serum normalizujące do twarzy do każdego rodzaju cery, "
"/Produkt/Serum/Bielenda-Beauty-CEO-serum-kojace-do-twarzy-do-kazdego-rodzaju-cery-30-ml,393374,9225",BIELENDA,Beauty CEO,30 ml,"28,99 zł","serum kojące do twarzy do każdego rodzaju cery, "
"/Produkt/Serum/Bielenda-ECO-Sorbet-serum-booster-nawilzajaco-kojace-30-ml,372610,9225",BIELENDA,ECO Sorbet,30 ml,"27,99 zł","serum booster nawilżająco-kojące, "
"/Produkt/Serum/Bielenda-ECO-Sorbet-serum-booster-nawilzajaco-odzywcze-30-ml,372621,9225",BIELENDA,ECO Sorbet,30 ml,"27,99 zł","serum booster nawilżająco-odżywcze, "
"/Produkt/Serum/Bielenda-ECO-Sorbet-serum-booster-nawilzajaco-rozswietlajace-30-ml,372625,9225",BIELENDA,ECO Sorbet,30 ml,"27,99 zł","serum booster nawilżająco-rozświetlające, "
"/Produkt/Serum/Herbapol-Polana-nawilzajace-serum-redukujace-niedoskonalosci-cera-mieszana-30-ml,357216,9225",HERBAPOL POLANA,@NO_NAME@,30 ml,"28,49 zł","nawilżajace serum redukujące niedoskonałości, cera mieszana, "
"/Produkt/Serum/Herbapol-Polana-nawilzane-serum-olejowe-30-ml,357217,9225",HERBAPOL POLANA,@NO_NAME@,30 ml,"33,99 zł","nawilżane serum olejowe, "
"/Produkt/Serum/Bielenda-Vegan-Muesli-nawilzajace-serum-na-dzien-i-na-noc-30-ml,342337,9225",BIELENDA,Vegan Muesli,30 ml,"31,99 zł","nawilżające serum na dzień i na noc, "
"/Produkt/Serum/Bielenda-Vegan-Muesli-matujace-serum-na-dzien-i-na-noc-30-ml,342319,9225",BIELENDA,Vegan Muesli,30 ml,"31,99 zł","matujące serum na dzień i na noc, "
"/Produkt/Serum/Bielenda-Cera-Naczynkowa-serum-zmniejszajace-widocznosc-naczynek-cera-naczynkowa-wrazliwa-nadreakty,325076,9225",BIELENDA,Cera Naczynkowa,30 ml,"27,99 zł","serum zmniejszające widoczność naczynek cera naczynkowa, wrażliwa, nadreaktywna, "
"/Produkt/Serum/Alterra-serum-Bakuchiol-30-ml,402172,9225",ALTERRA,@NO_NAME@,30 ml,"24,99 zł","serum Bakuchiol , "
"/Produkt/Serum/Alterra-intensywne-serum-woda-ryzowa-30-ml,402177,9225",ALTERRA,@NO_NAME@,30 ml,"19,99 zł","intensywne serum woda ryżowa, "
"/Produkt/Serum/Vitamin-E-olejek-do-twarzy-30-ml,393511,9225",VITAMIN E,@NO_NAME@,30 ml,"10,49 zł","olejek do twarzy , "
"/Produkt/Serum/Vitamin-E-nawilzajace-serum-do-twarzy-50-ml,393509,9225",VITAMIN E,@NO_NAME@,50 ml,"15,49 zł","nawilżające serum do twarzy, "
"/Produkt/Serum/Bielenda-Crystal-Glow-serum-do-twarzy-nawilzajaco-rozswietlajace-30-ml,357709,9225",BIELENDA,Crystal Glow,30 ml,"27,99 zł","serum do twarzy nawilżająco-rozświetlające, "
"/Produkt/Serum/Bielenda-Manuka-Honey-Nutri-Elixir-odzywcze-serum-nawilzajace-na-dzien-i-na-noc-cera-sucha-i-wrazli,310941,9225",BIELENDA,Manuka Honey Nutri Elixir,30 ml,"27,99 zł","odżywcze serum nawilżające, na dzień i na noc cera sucha i wrażliwa, "
"/Produkt/Serum/Biotaniqe-Aloe-Vera-aloesowe-serum-nawilzajace-20-ml,321241,9225",BIOTANIQE,Aloe Vera,20 ml,"24,99 zł","aloesowe serum nawilżające, "
"/Produkt/Serum/Arganove-bio-skwalan-100-naturalny-30-ml,382388,9225",ARGANOVE,@NO_NAME@,30 ml,"24,49 zł","bio skwalan 100% naturalny, "
"/Produkt/Serum/Arganove-olej-jojoba-wygladza-regeneruje-odmladza-30-ml,382389,9225",ARGANOVE,@NO_NAME@,30 ml,"13,99 zł","olej jojoba wygładza, regeneruje, odmładza, "
"/Produkt/Serum/Arganove-olej-konopny-reguluje-odbudowuje-lagodzi-30-ml,382391,9225",ARGANOVE,@NO_NAME@,30 ml,"12,99 zł","olej konopny reguluje, odbudowuje, łagodzi, "
"/Produkt/Serum/Arganove-olej-rycynowy-odzywia-regeneruje-wzmacnia-30-ml,382392,9225",ARGANOVE,@NO_NAME@,30 ml,"8,99 zł","olej rycynowy odżywia, regeneruje, wzmacnia, "
"/Produkt/Serum/Arganove-olej-sezamowy-ujedrnia-rozgrzewa-regeneruje-30-ml,382393,9225",ARGANOVE,@NO_NAME@,30 ml,"9,99 zł","olej sezamowy ujędrnia, rozgrzewa, regeneruje, "
"/Produkt/Serum/Arganove-olej-z-gorczycy-nawilza-wzmacnia-odzywia-30-ml,382394,9225",ARGANOVE,@NO_NAME@,30 ml,"8,99 zł","olej z gorczycy nawilża, wzmacnia, odżywia, "
"/Produkt/Serum/Ziaja-GdanSkin-serum-multinawilzajace-booster-anti-age-wygladza-zmarszczki-50-ml,357719,9225",ZIAJA,GdanSkin,50 ml,"12,49 zł","serum multinawilżające booster anti-age wygładza zmarszczki, "
"/Produkt/Serum/Ziaja-Baltic-Home-SPA-serum-przeciwzmarszczkowe-do-twarzy-szyi-i-dekoltu-90-ml,366264,9225",ZIAJA,Baltic Home SPA,90 ml,"16,49 zł","serum przeciwzmarszczkowe do twarzy, szyi i dekoltu, "
"/Produkt/Serum/Ziaja-ananasowy-trening-skory-energetyzujace-serum-nawilzajace-do-twarzy-szyi-i-dekoltu-50-ml,366265,9225",ZIAJA,ananasowy trening skóry,50 ml,"12,49 zł","energetyzujące serum nawilżające do twarzy szyi i dekoltu, "
"/Produkt/Serum/Dermika-Luxury-Gold-24K-Total-Benefit-luksusowe-serum-3D-na-dzien-i-na-noc-aktywator-mlodosci-60-g,409400,9225",DERMIKA,Luxury Gold 24K Total Benefit,60 g,"99,99 zł","luksusowe serum 3D na dzień i na noc aktywator młodości, "
"/Produkt/Serum/Rosadia-serum-do-twarzy-30-ml,349525,9225",ROSADIA,@NO_NAME@,30 ml,"75,99 zł","serum do twarzy, "
"/Produkt/Serum/Hagi-Smart-naturalny-zestaw-pielegnacyjny-do-twarzy-z-ceramidami-oraz-witamina-C-1-szt,396357,9225",HAGI,Smart,1 szt.,"89,99 zł","naturalny zestaw pielęgnacyjny do twarzy z ceramidami oraz witaminą C, "
"/Produkt/Serum/Hagi-Smart-naturalny-zestaw-do-pielegnacji-twarzy-nawilzajaco-kojacy-z-d-pantenolem-1-szt,396356,9225",HAGI,Smart,1 szt.,"89,99 zł","naturalny zestaw do pielęgnacji twarzy nawilżająco-kojący z d-pantenolem, "
"/Produkt/Serum/Hagi-Smart-naturalny-olejek-do-twarzy-z-adaptogenami-30-ml,396353,9225",HAGI,Smart,30 ml,"69,99 zł","naturalny olejek do twarzy z adaptogenami, "
"/Produkt/Serum/Hagi-Smart-naturalne-serum-odzywcze-do-twarzy-z-retinolem-do-cery-dojrzalej-30-ml,396347,9225",HAGI,Smart,30 ml,"69,99 zł","naturalne serum odżywcze do twarzy z retinolem do cery dojrzałej, "
"/Produkt/Serum/Hagi-Smart-naturalny-olejek-do-twarzy-lagodzacy-z-bisabololem-30-ml,396354,9225",HAGI,Smart,30 ml,"69,99 zł","naturalny olejek do twarzy, łagodzący z bisabololem, "
"/Produkt/Serum/Hagi-Smart-naturalne-serum-do-cery-tlustej-i-tradzikowej-z-niacynamidem-5-30-ml,396348,9225",HAGI,Smart,30 ml,"59,99 zł","naturalne serum do cery tłustej i trądzikowej z niacynamidem 5%, "
"/Produkt/Serum/Hagi-Smart-naturalny-olejek-do-twarzy-rozswietlajacy-z-ceramidami-30-ml,396355,9225",HAGI,Smart,30 ml,"69,99 zł","naturalny olejek do twarzy rozświetlający z ceramidami, "
"/Produkt/Serum/Hagi-Smart-naturalne-serum-rozjasniajace-z-witamina-C-30-ml,396349,9225",HAGI,Smart,30 ml,"59,99 zł","naturalne serum rozjaśniające z witaminą C, "
"/Produkt/Serum/Hagi-Smart-naturalne-serum-nawilzajaco-kojace-z-d-pantenolem-3-30-ml,396350,9225",HAGI,Smart,30 ml,"59,99 zł","naturalne serum nawilżająco- kojące z d-pantenolem 3%, "
"/Produkt/Serum/Sylveco-serum-regenerujace-intensywna-pielegnacja-30-ml,400697,9225",SYLVECO,@NO_NAME@,30 ml,"74,99 zł","serum regenerujące intensywna pielęgnacja, "
"/Produkt/Serum/Sylveco-serum-z-witamina-C-intensywna-pielegnacja-30-ml,400698,9225",SYLVECO,@NO_NAME@,30 ml,"74,99 zł","serum z witaminą C intensywna pielęgnacja, "
"/Produkt/Serum/Sylveco-serum-wygladzajace-intensywna-pielegnacja-30-ml,400699,9225",SYLVECO,@NO_NAME@,30 ml,"74,99 zł","serum wygładzające intensywna pielęgnacja, "
"/Produkt/Serum/Onlybio-Botanic-Clinic-serum-do-twarzy-zwezajace-pory-30-ml,397281,9225",ONLYBIO,Botanic Clinic,30 ml,"56,99 zł","serum do twarzy zwężające pory, "
"/Produkt/Serum/Onlybio-Botanic-Clinic-BRIGHT-serum-do-twarzy-na-przebarwenia-30-ml,397289,9225",ONLYBIO,Botanic Clinic BRIGHT,30 ml,"59,99 zł","serum do twarzy na przebarwenia, "
"/Produkt/Serum/Onlybio-Botanic-Clinic-YOUTH-serum-do-twarzy-ujedrniajace-30-ml,397285,9225",ONLYBIO,Botanic Clinic YOUTH,30 ml,"56,99 zł","serum do twarzy ujędrniające, "
"/Produkt/Serum/Onlybio-Botanic-Clinic-YOUTH-serum-do-twarzy-przeciwzmarszczkowe-30-ml,397286,9225",ONLYBIO,Botanic Clinic YOUTH,30 ml,"56,99 zł","serum do twarzy przeciwzmarszczkowe, "
"/Produkt/Serum/Yappco-serum-do-twarzy-ultranawilzajace-20-ml,396941,9225",YAPPCO,@NO_NAME@,20 ml,"52,99 zł","serum do twarzy ultranawilżające, "
"/Produkt/Serum/Yappco-serum-do-twarzy-kuracja-przeciwstarzeniowa-20-ml,396961,9225",YAPPCO,@NO_NAME@,20 ml,"52,99 zł","serum do twarzy, kuracja przeciwstarzeniowa, "
"/Produkt/Serum/Yappco-kuracja-punktowa-przeciw-zmarszczkom-20-ml,396960,9225",YAPPCO,@NO_NAME@,20 ml,"52,99 zł","kuracja punktowa przeciw zmarszczkom, "
"/Produkt/Serum/Yappco-serum-do-twarzy-wygladzajaco-matujace-20-ml,396968,9225",YAPPCO,@NO_NAME@,20 ml,"47,99 zł","serum do twarzy wygładzająco-matujące, "
"/Produkt/Serum/Yappco-hipoalergiczny-krem-na-dzien-i-na-noc-nawilzajacy-50-ml,396969,9225",YAPPCO,@NO_NAME@,50 ml,"64,99 zł","hipoalergiczny krem na dzień i na noc nawilżający, "
"/Produkt/Serum/FeedSkin-serum-do-twarzy-na-przebarwienia-30-ml,400700,9225",FEEDSKIN,@NO_NAME@,30 ml,"78,99 zł","serum do twarzy na przebarwienia, "
"/Produkt/Serum/FeedSkin-serum-do-twarzy-na-zmarszczki-30-ml,400679,9225",FEEDSKIN,@NO_NAME@,30 ml,"78,99 zł","serum do twarzy na zmarszczki, "
"/Produkt/Serum/FeedSkin-serum-do-twarzy-nawilzajace-30-ml,400681,9225",FEEDSKIN,@NO_NAME@,30 ml,"58,99 zł","serum do twarzy nawilżające, "
"/Produkt/Serum/FeedSkin-serum-do-twarzy-na-naczynka-30-ml,400682,9225",FEEDSKIN,@NO_NAME@,30 ml,"48,99 zł","serum do twarzy na naczynka, "
"/Produkt/Serum/FeedSkin-serum-do-twarzy-na-tradzik-30-ml,400680,9225",FEEDSKIN,@NO_NAME@,30 ml,"48,99 zł","serum do twarzy na trądzik, "
"/Produkt/Serum/FeedSkin-serum-pod-oczy-30-ml,400683,9225",FEEDSKIN,@NO_NAME@,30 ml,"58,99 zł","serum pod oczy , "
"/Produkt/Serum/Tolpa-dermo-face-strefa-T-nawilzajace-serum-booster-75-ml,311706,9225",TOŁPA,dermo face strefa T,75 ml,"39,99 zł","nawilżające serum-booster, "
"/Produkt/Serum/Bielenda-Super-3-Trio-serum-przeciwzmarszczkowe-aktywnie-rewitalizujace-noc-30-ml,409326,9225",BIELENDA,Super 3 Trio,30 ml,"32,99 zł","serum przeciwzmarszczkowe aktywnie rewitalizujące, noc, "
"/Produkt/Serum/Bielenda-Golden-Placenta-regenerujaco-rozswietlajace-serum-przeciwzmarszczkowe-30-g,396244,9225",BIELENDA,Golden Placenta,30 g,"32,99 zł","regenerująco- rozświetlające serum przeciwzmarszczkowe, "
"/Produkt/Serum/Bielenda-Blueberry-C-Tox-serum-do-twarzy-nawilzajaco-rozswietlajace-30-ml,342307,9225",BIELENDA,Blueberry C-Tox,30 ml,"31,99 zł","serum do twarzy nawilżająco- rozświetlające, "
"/Produkt/Serum/Bielenda-silnie-nawilzajace-serum-kokosowe-Coconut-Milk-30-ml,381475,9225",BIELENDA,@NO_NAME@,30 ml,"29,99 zł","silnie nawilżajace serum kokosowe, Coconut Milk, "
"/Produkt/Serum/Perfecta-Organic-Nature-przeciwzmarszczkowe-serum-kuracja-na-dzien-i-na-noc-cera-dojrzala-30-ml,381364,9225",PERFECTA,Organic Nature,30 ml,"29,99 zł","przeciwzmarszczkowe serum-kuracja na dzień i na noc, cera dojrzała, "
"/Produkt/Serum/Perfecta-Organic-Nature-hydro-serum-intensywnie-nawilzajace-na-dzien-i-na-noc-cera-normalna-i-miesz,381366,9225",PERFECTA,Organic Nature,30 ml,"29,99 zł","hydro serum intensywnie nawilżające na dzień i na noc, cera normalna i mieszana, "
"/Produkt/Serum/Soraya-serum-do-twarzy-30-ml,400634,9225",SORAYA,@NO_NAME@,30 ml,"18,99 zł","serum do twarzy , "
"/Produkt/Serum/Soraya-serum-rewitalizujace-30-ml,400575,9225",SORAYA,@NO_NAME@,30 ml,"18,99 zł","serum rewitalizujące, "
"/Produkt/Serum/Ziaja-Antyoksydacja-serum-do-twarzy-i-szyi-wygladzajaco-ujedrniajace-50-ml,258870,9225",ZIAJA,Antyoksydacja,50 ml,"12,49 zł","serum do twarzy i szyi wygładzająco-ujędrniające, "
"/Produkt/Serum/Ziaja-Naturalnie-Pielegnujemy-skoncentrowane-serum-do-twarzy-szyi-i-dekoltu-30-ml,394746,9225",ZIAJA,Naturalnie Pielęgnujemy,30 ml,"12,49 zł","skoncentrowane serum do twarzy, szyi i dekoltu, "
"/Produkt/Serum/SNP-nawilzajace-serum-z-kwasem-hialuronowym-i-peptydami-220-ml,354254,9225",SNP,@NO_NAME@,220 ml,"75,99 zł","nawilżające serum z kwasem hialuronowym i peptydami, "
"/Produkt/Serum/SNP-Cicaronic-lagodzace-ampulki-do-twarzy-7x15-ml,354292,9225",SNP,Cicaronic,"7x1,5 ml","83,99 zł","łagodzące ampułki do twarzy, "
"/Produkt/Serum/Quret-ampulka-z-kwasem-hialuronowym-nawilzajaca-30-ml,354202,9225",QURET,@NO_NAME@,30 ml,"67,99 zł","ampułka z kwasem hialuronowym, nawilżająca, "
"/Produkt/Serum/Quret-ampulka-z-kwasem-askorbinowym-i-olejkiem-cytrynowym-30-ml,354227,9225",QURET,@NO_NAME@,30 ml,"67,99 zł","ampułka z kwasem askorbinowym i olejkiem cytrynowym, "
"/Produkt/Serum/Quret-ampulka-z-ekstraktem-ze-sluzu-slimaka-30-ml,354234,9225",QURET,@NO_NAME@,30 ml,"67,99 zł","ampułka z ekstraktem ze śluzu ślimaka, "
"/Produkt/Serum/Quret-ampulka-z-ekstraktem-z-wakroty-azjatyckiej-lagodzaca-30-ml,354237,9225",QURET,@NO_NAME@,30 ml,"67,99 zł","ampułka z ekstraktem z wąkroty azjatyckiej, łagodząca, "
"/Produkt/Serum/Quret-ampulka-z-hydrolizowanym-kolagenem-i-ekstraktem-z-wielkomorszczynu-gruszkowatego-ujedrniajac,354240,9225",QURET,@NO_NAME@,30 ml,"67,99 zł","ampułka z hydrolizowanym kolagenem i ekstraktem z wielkomorszczynu gruszkowatego, ujędrniająca, "
"/Produkt/Serum/Revolution-Skincare-serum-do-twarzy-z-retinolem-30-ml,401598,9225",REVOLUTION SKINCARE,@NO_NAME@,30 ml,"52,99 zł","serum do twarzy z retinolem, "
"/Produkt/Serum/Revolution-Skincare-serum-do-twarzy-z-retinolem-30-ml,400818,9225",REVOLUTION SKINCARE,@NO_NAME@,30 ml,"57,99 zł","serum do twarzy z retinolem, "
"/Produkt/Serum/Revolution-Skincare-serum-do-twarzy-z-retinolem-30-ml,401599,9225",REVOLUTION SKINCARE,@NO_NAME@,30 ml,"62,99 zł","serum do twarzy z retinolem, "
"/Produkt/Serum/Revolution-Skincare-serum-do-twarzy-rozswietlajace-30-ml,400816,9225",REVOLUTION SKINCARE,@NO_NAME@,30 ml,"52,99 zł","serum do twarzy rozświetlające, "
"/Produkt/Serum/Revolution-Skincare-serum-do-twarzy-z-witamina-C-30-ml,401593,9225",REVOLUTION SKINCARE,@NO_NAME@,30 ml,"62,99 zł","serum do twarzy z witaminą C, "
"/Produkt/Serum/Revolution-Skincare-serum-do-twarzy-z-kwasem-glikolowym-30-ml,401604,9225",REVOLUTION SKINCARE,@NO_NAME@,30 ml,"62,99 zł","serum do twarzy z kwasem glikolowym, "
"/Produkt/Serum/Revolution-Skincare-serum-do-twarzy-przeciwzmarszczkowe-30-ml,400810,9225",REVOLUTION SKINCARE,@NO_NAME@,30 ml,"52,99 zł","serum do twarzy przeciwzmarszczkowe, "
"/Produkt/Serum/Revolution-Skincare-serum-pod-oczy-z-kofeina-i-kwasem-hialuronowym-30-ml,400809,9225",REVOLUTION SKINCARE,@NO_NAME@,30 ml,"31,99 zł","serum pod oczy z kofeiną i kwasem hialuronowym, "
"/Produkt/Serum/Revolution-Skincare-serum-do-twarzy-ujedrniajace-30-ml,400811,9225",REVOLUTION SKINCARE,@NO_NAME@,30 ml,"42,99 zł","serum do twarzy ujędrniające, "
"/Produkt/Serum/Revolution-Skincare-serum-do-twarzy-z-15-niacinamidem-30-ml,400812,9225",REVOLUTION SKINCARE,@NO_NAME@,30 ml,"52,99 zł","serum do twarzy z 15% niacinamidem, "
"/Produkt/Serum/Revolution-Skincare-serum-do-twarzy-z-olejkiem-CBD-skora-sucha-30-ml,401596,9225",REVOLUTION SKINCARE,@NO_NAME@,30 ml,"52,99 zł","serum do twarzy z olejkiem CBD skóra sucha, "
"/Produkt/Serum/Revolution-Skincare-serum-do-twarzy-30-ml,400813,9225",REVOLUTION SKINCARE,@NO_NAME@,30 ml,"52,99 zł","serum do twarzy , "
"/Produkt/Serum/Revolution-Skincare-serum-peelingujace-do-twarzy-30-ml,400814,9225",REVOLUTION SKINCARE,@NO_NAME@,30 ml,"52,99 zł","serum peelingujące do twarzy, "
"/Produkt/Serum/Revolution-Skincare-eliksir-olejek-do-twarzy-30-ml,400815,9225",REVOLUTION SKINCARE,@NO_NAME@,30 ml,"52,99 zł","eliksir-olejek do twarzy , "
"/Produkt/Serum/Uzdrovisco-roslinnie-aktywne-serum-przeciw-zmarszczkom-30-ml,400665,9225",UZDROVISCO,@NO_NAME@,30 ml,"51,99 zł","roślinnie aktywne serum przeciw zmarszczkom, "
"/Produkt/Serum/Uzdrovisco-roslinne-aktywne-serum-przeciw-niedoskonalosciom-30-ml,400667,9225",UZDROVISCO,@NO_NAME@,30 ml,"51,99 zł","roślinne aktywne serum przeciw niedoskonałościom, "
"/Produkt/Serum/Uzdrovisco-roslinne-aktywne-serum-na-promiennosc-i-nawodnienie-cery-30-ml,400649,9225",UZDROVISCO,@NO_NAME@,30 ml,"51,99 zł","roślinne aktywne serum na promienność i nawodnienie cery, "
"/Produkt/Serum/Uzdrovisco-balsamiczne-serum-uzdrawiajace-sucha-skore-25-ml,321320,9225",UZDROVISCO,@NO_NAME@,25 ml,"49,99 zł","balsamiczne serum ""uzdrawiające"" suchą skórę, "
"/Produkt/Serum/Uzdrovisco-Mak-olejowa-esencja-odmladzajaca-wyglad-30-ml,321321,9225",UZDROVISCO,Mak,30 ml,"49,99 zł","olejowa esencja odmładzająca wygląd, "
"/Produkt/Serum/Uzdrovisco-nawadniajace-serum-kompres-3w1-na-powieki-i-twarz-50-ml,400653,9225",UZDROVISCO,@NO_NAME@,50 ml,"49,99 zł","nawadniające serum kompres 3w1 na powieki i twarz, "
"/Produkt/Serum/InoPharm-Pure-Elements-serum-do-twarzy-z-3-Matrixylem-30-ml,400473,9225",INOPHARM,Pure Elements,30 ml,"39,99 zł","serum do twarzy z 3% Matrixylem, "
"/Produkt/Serum/InoPharm-Pure-Elements-serum-do-twarzy-z-10-niacynamidem-30-ml,400474,9225",INOPHARM,Pure Elements,30 ml,"39,99 zł","serum do twarzy z 10% niacynamidem, "
"/Produkt/Serum/InoPharm-Pure-Elements-serum-do-twarzy-z-2-kwasem-hialuronowym-30-ml,400475,9225",INOPHARM,Pure Elements,30 ml,"39,99 zł","serum do twarzy z 2% kwasem hialuronowym, "
"/Produkt/Serum/InoPharm-Pure-Elements-serum-do-twarzy-z-2-retinolem-30-ml,400476,9225",INOPHARM,Pure Elements,30 ml,"39,99 zł","serum do twarzy z 2% retinolem, "
"/Produkt/Serum/InoPharm-Pure-Elements-serum-do-twarzy-z-bioolejkiem-z-rozy-i-olejkiem-arganowym-30-ml,400477,9225",INOPHARM,Pure Elements,30 ml,"39,99 zł","serum do twarzy z bioolejkiem z róży i olejkiem arganowym, "
"/Produkt/Serum/InoPharm-Pure-Elements-serum-do-twarzy-z-olejkiem-CBD-30-ml,400478,9225",INOPHARM,Pure Elements,30 ml,"39,99 zł","serum do twarzy z olejkiem CBD, "
"/Produkt/Serum/InoPharm-Pure-Elements-serum-do-twarzy-z-olejkiem-z-rozy-30-ml,400479,9225",INOPHARM,Pure Elements,30 ml,"39,99 zł","serum do twarzy z olejkiem z róży, "
"/Produkt/Serum/Ava-Laboratorium-Kwintesencja-Pieknej-Skory-koncentrat-o-kompleksowym-dzialaniu-odmladzajacym-30-ml,312666,9225",AVA LABORATORIUM,Kwintesencja Pięknej Skóry,30 ml,"39,99 zł","koncentrat o kompleksowym działaniu odmładzającym, "
"/Produkt/Serum/Ava-Laboratorium-Kwintesencja-Pieknej-Skory-koncentrat-z-ekstraktem-z-bialej-perly-30-ml,312667,9225",AVA LABORATORIUM,Kwintesencja Pięknej Skóry,30 ml,"34,99 zł","koncentrat z ekstraktem z białej perły, "
"/Produkt/Serum/Ava-Laboratorium-Kwintesencja-Pieknej-Skory-koncentrat-o-dzialaniu-silnie-nawilzajacym-30-ml,312665,9225",AVA LABORATORIUM,Kwintesencja Pięknej Skóry,30 ml,"29,99 zł","koncentrat o działaniu silnie nawilżającym, "
"/Produkt/Serum/Ava-Laboratorium-Kwintesencja-Pieknej-Skory-koncentrat-ograniczajacy-wydzielanie-sebum-30-ml,312668,9225",AVA LABORATORIUM,Kwintesencja Pięknej Skóry,30 ml,"29,99 zł","koncentrat ograniczający wydzielanie sebum, "
"/Produkt/Serum/Ava-Laboratorium-ProRenew-serum-naprawcze-na-dzien-i-na-noc-15-ml,322740,9225",AVA LABORATORIUM,ProRenew,15 ml,"37,99 zł","serum naprawcze na dzień i na noc, "
"/Produkt/Serum/Ava-Laboratorium-Asta-C-serum-do-twarzy-komorkowe-odmlodzenie-30-ml,312671,9225",AVA LABORATORIUM,Asta C+,30 ml,"29,99 zł","serum do twarzy komórkowe odmłodzenie, "
"/Produkt/Serum/Ava-Laboratorium-Aktywator-Mlodosci-peptyd-biomimetyczny-30-ml,228312,9225",AVA LABORATORIUM,Aktywator Młodości,30 ml,"39,99 zł","peptyd biomimetyczny, "
"/Produkt/Serum/Ava-Laboratorium-Aktywator-Mlodosci-koenzym-Q10-z-witaminami-30-ml,243061,9225",AVA LABORATORIUM,Aktywator Młodości,30 ml,"27,99 zł","koenzym Q10 z witaminami, "
"/Produkt/Serum/Ava-Laboratorium-Aktywator-Mlodosci-retinol-z-witaminami-C-E-F-30-ml,243043,9225",AVA LABORATORIUM,Aktywator Młodości,30 ml,"27,99 zł","retinol z witaminami C, E, F, "
"/Produkt/Serum/Ava-Laboratorium-Aktywator-Mlodosci-witamina-C-z-acerola-100-ochrony-antyoksydacyjnej-30-ml,209927,9225",AVA LABORATORIUM,Aktywator Młodości,30 ml,"29,99 zł","witamina C z acerolą 100% ochrony antyoksydacyjnej, "
"/Produkt/Serum/Ava-Laboratorium-Aktywator-Mlodosci-epidermalny-kwas-hialuronowy-100-naturalnego-nawilzenia-30-ml,209926,9225",AVA LABORATORIUM,Aktywator Młodości,30 ml,"27,99 zł","epidermalny kwas hialuronowy 100% naturalnego nawilżenia, "
"/Produkt/Serum/Miraculum-Asta-Plankton-C-shot-koncentrat-do-twarzy-10-ml,401563,9225",MIRACULUM,Asta Plankton C,10 ml,"19,99 zł","shot koncentrat do twarzy, "
"/Produkt/Serum/Miraculum-Asta-Plankton-C-aktywne-serum-booster-do-twarzy-30-ml,401562,9225",MIRACULUM,Asta Plankton C,30 ml,"29,99 zł","aktywne serum-booster do twarzy, "
"/Produkt/Serum/Miraculum-Asta-Plankton-C-rozswietlajace-serum-balsam-pod-oczy-20-ml,401561,9225",MIRACULUM,Asta Plankton C,20 ml,"23,99 zł","rozświetlające serum-balsam pod oczy, "
"/Produkt/Serum/Miraculum-Woda-Termalna-serum-nawilzajace-do-twarzy-30-ml,401568,9225",MIRACULUM,Woda Termalna,30 ml,"21,99 zł","serum nawilżające do twarzy, "
"/Produkt/Serum/Miraculum-Woda-Termalna-serum-pod-oczy-nawilzajace-20-ml,401567,9225",MIRACULUM,Woda Termalna,20 ml,"18,99 zł","serum pod oczy nawilżające, "
"/Produkt/Serum/Miraculum-Bakuchiol-Botanique-Retino-serum-do-twarzy-na-dzien-i-na-noc-intensywne-odzywienie-30-ml,401573,9225",MIRACULUM,Bakuchiol Botanique Retino,30 ml,"29,99 zł","serum do twarzy na dzień i na noc intensywne odżywienie, "
"/Produkt/Serum/Miraculum-Bakuchiol-Botanique-Retino-serum-pod-oczy-na-dzien-i-na-noc-aktywne-wygladzenie-20-ml,401572,9225",MIRACULUM,Bakuchiol Botanique Retino,20 ml,"23,99 zł","serum pod oczy na dzień i na noc, aktywne wygładzenie, "
"/Produkt/Serum/Bialy-Jelen-Organic-natura-serum-do-twarzy-30-ml,258592,9225",BIAŁY JELEŃ,Organic - natura,30 ml,"35,99 zł","serum do twarzy, "
"/Produkt/Serum/Vis-Plantis-Gift-of-Nature-serum-do-twarzy-cera-sucha-30-ml,401442,9225",VIS PLANTIS GIFT OF NATURE,@NO_NAME@,30 ml,"24,99 zł","serum do twarzy cera sucha, "
"/Produkt/Serum/Vis-Plantis-Gift-of-Nature-prebiotyczne-serum-do-twarzy-do-cery-pieknej-choc-wrazliwej-30-ml,343150,9225",VIS PLANTIS GIFT OF NATURE,@NO_NAME@,30 ml,"24,99 zł","prebiotyczne serum do twarzy do cery pięknej, choć wrażliwej, "
"/Produkt/Serum/Vis-Plantis-Gift-of-Nature-serum-do-twarzy-cera-mieszana-30-ml,401443,9225",VIS PLANTIS GIFT OF NATURE,@NO_NAME@,30 ml,"24,99 zł","serum do twarzy cera mieszana, "
"/Produkt/Serum/Ziaja-Jasmin-50-esencja-przeciw-zmarszczkom-30-ml,122788,9225",ZIAJA,Jaśmin 50 +,30 ml,"13,99 zł","esencja przeciw zmarszczkom, "
"/Produkt/Serum/Jumiso-All-Day-Vitamin-serum-o-dzialaniu-przeciwzmarszczkowo-rozswietlajacym-30-ml,354381,9225",JUMISO,All Day Vitamin,30 ml,"94,99 zł","serum o działaniu przeciwzmarszczkowo-rozświetlającym, "
"/Produkt/Serum/Secret-Key-ampulka-do-twarzy-przeciwzmarszczkowa-SYN-AKE-30-ml,402037,9225",SECRET KEY,@NO_NAME@,30 ml,"118,99 zł","ampułka do twarzy przeciwzmarszczkowa SYN-AKE, "
"/Produkt/Serum/Esfolio-ujedrniajaca-esencja-do-twarzy-z-kolagenem-120-ml,349381,9225",ESFOLIO,@NO_NAME@,120 ml,"63,99 zł","ujędrniająca esencja do twarzy z kolagenem, "
"/Produkt/Serum/Esfolio-nawilzajaco-regenerujaca-ampulka-do-twarzy-180-ml,349402,9225",ESFOLIO,@NO_NAME@,180 ml,"63,99 zł","nawilżająco-regenerująca ampułka do twarzy,, "
"/Produkt/Serum/Arganove-BIO-antyoksydacyjne-serum-do-twarzy-z-witamina-C-E-dzikie-kwiaty-30-ml,401554,9225",ARGANOVE,BIO,30 ml,"47,99 zł","antyoksydacyjne serum do twarzy z witaminą C+E, dzikie kwiaty, "
"/Produkt/Serum/Arganove-BIO-serum-na-niedoskonalosci-do-twarzy-dzikie-liscie-30-ml,401555,9225",ARGANOVE,BIO,30 ml,"47,99 zł","serum na niedoskonałości do twarzy dzikie liście, "
"/Produkt/Serum/Arganove-BIO-liftingujace-serum-do-twarzy-dzikie-owoce-30-ml,401556,9225",ARGANOVE,BIO,30 ml,"47,99 zł","liftingujące serum do twarzy, dzikie owoce, "
"/Produkt/Serum/Arganove-BIO-bio-olej-z-nasion-opuncji-figowej-5-ml,401553,9225",ARGANOVE,BIO,5 ml,"49,99 zł","bio olej z nasion opuncji figowej, "
"/Produkt/Serum/_Element-nawilzajace-serum-do-twarzy-ujedrniajace-30-ml,285655,9225",_ELEMENT,@NO_NAME@,30 ml,"49,99 zł","nawilżające serum do twarzy, ujędrniające, "
"/Produkt/Serum/_Element-Bakuchiol-Vit-C-serum-do-twarzy-30-ml,401449,9225",_ELEMENT,Bakuchiol + Vit. C,30 ml,"49,99 zł","serum do twarzy , "
"/Produkt/Serum/Vianek-wzmacniajace-serum-do-twarzy-cera-naczynkowa-15-ml,349452,9225",VIANEK,@NO_NAME@,15 ml,"36,99 zł","wzmacniające serum do twarzy cera naczynkowa, "
"/Produkt/Serum/Vianek-eliksir-do-twarzy-z-witamina-C-30-ml,349508,9225",VIANEK,@NO_NAME@,30 ml,"47,99 zł","eliksir do twarzy z witaminą C, "
"/Produkt/Serum/Vianek-przeciwzmarszczkowe-serum-do-twarzy-30-ml,349511,9225",VIANEK,@NO_NAME@,30 ml,"47,99 zł","przeciwzmarszczkowe serum do twarzy, "
"/Produkt/Serum/Dermo-pHarma-Bio-Serum-Skin-Archi-Tec-serum-na-twarz-szyje-dekolt-i-dlonie-kwas-traneksamowy-15-ml,265400,9225",DERMO PHARMA+,Bio Serum Skin Archi-Tec,15 ml,"43,99 zł","serum na twarz, szyję, dekolt i dłonie, kwas traneksamowy, "
"/Produkt/Serum/Dermo-pHarma-Bio-Serum-Skin-Archi-Tec-serum-na-twarz-szyje-dekolt-i-dlonie-L-witamina-C-15-15-ml,265402,9225",DERMO PHARMA+,Bio Serum Skin Archi-Tec,15 ml,"43,99 zł","serum na twarz, szyję, dekolt i dłonie, L-witamina C 15%, "
"/Produkt/Serum/Dermo-pHarma-Bio-Serum-Skin-Archi-Tec-przeciwzmarszczkowe-serum-na-twarz-szyje-dekolt-i-dlonie-15-,265410,9225",DERMO PHARMA+,Bio Serum Skin Archi-Tec,15 ml,"34,99 zł","przeciwzmarszczkowe serum na twarz, szyję, dekolt i dłonie, "
"/Produkt/Serum/Dermo-pHarma-Bio-Serum-Skin-Archi-Tec-intensywnie-nawilzajace-serum-na-twarz-szyje-dekolt-i-dloni,265419,9225",DERMO PHARMA+,Bio Serum Skin Archi-Tec,15 ml,"34,99 zł","intensywnie nawilżające serum na twarz, szyję, dekolt i dłonie, "
"/Produkt/Serum/Esfolio-ampulka-do-twarzy-przeciwzmarszczkowa-30-ml,400462,9225",ESFOLIO,@NO_NAME@,30 ml,"29,99 zł","ampułka do twarzy przeciwzmarszczkowa, "
"/Produkt/Serum/Esfolio-ampulka-do-twarzy-nawilzajaca-30-ml,400463,9225",ESFOLIO,@NO_NAME@,30 ml,"29,99 zł","ampułka do twarzy nawilżająca, "
"/Produkt/Serum/Esfolio-ampulka-do-twarzy-rozswietlajaca-30-ml,400464,9225",ESFOLIO,@NO_NAME@,30 ml,"29,99 zł","ampułka do twarzy rozświetlająca, "
"/Produkt/Serum/Esfolio-ampulka-do-twarzy-lagodzaca-30-ml,400465,9225",ESFOLIO,@NO_NAME@,30 ml,"29,99 zł","ampułka do twarzy łagodząca, "
"/Produkt/Serum/Esfolio-ampulka-do-twarzy-ujedrniajaca-30-ml,400466,9225",ESFOLIO,@NO_NAME@,30 ml,"29,99 zł","ampułka do twarzy ujędrniająca, "
"/Produkt/Serum/FlosLek-Laboratorium-betaCarotene-pro-age-olejek-z-beta-karotenem-30-ml,401143,9225",FLOSLEK LABORATORIUM,betaCarotene pro age,30 ml,"24,99 zł","olejek z beta-karotenem, "
"/Produkt/Serum/FlosLek-Laboratorium-ziolowa-esencja-adaptogenna-30-ml,401048,9225",FLOSLEK LABORATORIUM,@NO_NAME@,30 ml,"39,99 zł","ziołowa esencja adaptogenna, "
"/Produkt/Serum/FlosLek-Laboratorium-Hyaluron-anti-aging-serum-do-twarzy-przeciwzmarszczkowe-30-ml,401036,9225",FLOSLEK LABORATORIUM,Hyaluron anti-aging,30 ml,"24,99 zł","serum  do twarzy przeciwzmarszczkowe, "
"/Produkt/Serum/FlosLek-Laboratorium-fitoCollagen-pro-age-serum-przeciwzmarszczkowe-z-fitokolagenem-30-ml,401051,9225",FLOSLEK LABORATORIUM,fitoCollagen pro age,30 ml,"29,99 zł","serum przeciwzmarszczkowe z fitokolagenem, "
"/Produkt/Serum/Farmona-Herbal-Care-My-Nature-olejek-serum-do-twarzy-szyi-i-dekoltu-50-ml,401060,9225",FARMONA HERBAL CARE,My Nature,50 ml,"22,99 zł","olejek serum do twarzy, szyi i dekoltu, "
"/Produkt/Serum/Manufaktura-Piekna-serum-do-cery-mieszanej-Zmieszana-Lawenda-30-ml,348673,9225",MANUFAKTURA PIĘKNA,@NO_NAME@,30 ml,"49,99 zł","serum do cery mieszanej Zmieszana Lawenda, "
"/Produkt/Serum/Manufaktura-Piekna-serum-do-cery-problematycznej-Czary-mary-30-ml,348674,9225",MANUFAKTURA PIĘKNA,@NO_NAME@,30 ml,"49,99 zł","serum do cery problematycznej Czary mary, "
"/Produkt/Serum/Manufaktura-Piekna-serum-do-cery-suchej-Mam-te-moc-30-ml,348671,9225",MANUFAKTURA PIĘKNA,@NO_NAME@,30 ml,"49,99 zł","serum do cery suchej Mam tę moc, "
"/Produkt/Serum/Manufaktura-Piekna-serum-do-cery-wrazliwej-Otulacz-30-ml,348672,9225",MANUFAKTURA PIĘKNA,@NO_NAME@,30 ml,"49,99 zł","serum do cery wrażliwej Otulacz, "
"/Produkt/Serum/Wibo-Unicorn-Tears-odzywczy-primer-i-serum-do-twarzy-2w1-30-g,286302,9225",WIBO,Unicorn Tears,30 g,"28,49 zł","odżywczy primer i serum do twarzy 2w1, "
"/Produkt/Serum/Perfecta-Serum-C-Forte-serum-zastrzyk-energii-8-ml,280716,9225",PERFECTA,Serum C- Forte,8 ml,"3,29 zł","serum- zastrzyk energii , "
"/Produkt/Serum/Garnier-ampulka-przeciw-oznakom-zmeczenia-w-masce-na-tkaninie-witamina-C-1-szt,366273,9225",GARNIER,@NO_NAME@,1 szt.,"13,49 zł","ampułka przeciw oznakom zmęczenia w masce na tkaninie, witamina C, "
"/Produkt/Serum/SNP-Peptaronic-nawilzajaca-maska-w-plachcie-1-szt,354252,9225",SNP,Peptaronic,1 szt.,"10,99 zł","nawilżająca maska w płachcie, "
"/Produkt/Serum/Ziaja-Baltic-Home-SPA-serum-wygladzajaco-nawilzajace-do-twarzy-szyi-i-dekoltu-90-ml,400563,9225",ZIAJA,Baltic Home SPA,90 ml,"16,49 zł","serum wygładzająco- nawilżające do twarzy, szyi i dekoltu, "
